interview_id,cognitive_ability_score,cognitive_ability_justification,experience_score,experience_justification,reliability_score,reliability_justification,professionalism_score,professionalism_justification,problem_solving_score,problem_solving_justification,communication_score,communication_justification,general_strengths,general_weaknesses,general_summary,overall_weighted_score,rewrite_latency_ms,rewrite_model
intv_0001,8,Demonstrated strong problem-solving skills in complex diagnostic scenarios.,7,Seasoned field technician with a proven track record of handling urgent service calls.,7,"Prioritizes safety, follows site-specific rules, and demonstrates dependability in all tasks.",6,Maintains a calm and professional demeanor when dealing with upset customers.,7,Successfully resolved tricky diagnostics using a systematic approach and advanced tools.,6,"Effectively collaborates with teammates, escalates issues when necessary, and keeps customers informed.","- Strong problem-solving skills
- Seasoned field technician
- Prioritizes safety and reliability","- Communication skills can be further improved
- Professionalism could be enhanced in certain situations
- Limited room for growth in cognitive ability","Overall, the candidate demonstrates a high level of expertise and reliability in their field, with notable strengths in cognitive ability and problem-solving. Areas for improvement include communication skills and enhancing professionalism in challenging customer interactions.",7.25,5862,gpt-3.5-turbo
intv_0002,8,Demonstrated ability to analyze complex issues and make informed decisions under pressure.,7,Seasoned field technician with a track record of successfully handling various service calls and diagnostic challenges.,7,"Dependable, responsible, and consistent in actions, prioritizing preventive maintenance and proactive troubleshooting.",6,Maintains a calm and professional demeanor when dealing with upset or stressed customers.,7,Utilizes a combination of tools and methods to diagnose and solve tricky technical issues efficiently.,6,"Clear and concise communication with customers, team members, and management to ensure effective collaboration and issue resolution.","- Strong problem-solving skills
- Excellent experience in field service
- Reliable and consistent in work ethic","- Communication skills could be further improved
- Professionalism can be enhanced in certain situations
- Limited room for growth in cognitive ability","The candidate demonstrates strong cognitive ability, experience, and problem-solving skills, with areas for improvement in communication and professionalism. Overall, a reliable and skilled field technician with potential for growth.",7.25,3291,gpt-3.5-turbo
intv_0003,8,The candidate demonstrates strong problem-solving skills and critical thinking abilities in handling complex diagnostics and emergency service calls.,7,"The candidate has relevant experience as an HVAC Junior and Field Technician, showcasing a solid foundation in the field.",7,"The candidate emphasizes the importance of reliability at work, showcasing a track record of being dependable, trustworthy, and consistent.",6,"The candidate exhibits professionalism in dealing with customers, ensuring a positive customer experience and maintaining a professional demeanor.",7,The candidate demonstrates strong problem-solving skills in handling tricky diagnostics and resolving urgent service calls efficiently.,6,"The candidate effectively communicates with customers, colleagues, and superiors, showcasing good listening skills and clear explanations.","- Strong problem-solving skills
- Relevant experience in the field
- Emphasis on reliability at work","- Room for improvement in professionalism
- Communication skills could be further developed
- Limited experience in escalated problem resolution","Overall, the candidate shows promise with solid cognitive abilities, relevant experience, and strong problem-solving skills. Areas for growth include enhancing professionalism, improving communication skills, and gaining more experience in escalated problem resolution.",7.25,3599,gpt-3.5-turbo
intv_0004,8,The candidate demonstrated strong problem-solving skills and critical thinking abilities in handling urgent service calls and tricky diagnostics.,7,"The candidate has relevant experience as a Field Technician, showcasing their ability to handle various job responsibilities effectively.",7,The candidate emphasized the importance of reliability at work and demonstrated a commitment to meeting deadlines and delivering quality results.,6,The candidate maintained a professional demeanor when interacting with customers and emphasized the importance of following site-specific rules for safety.,7,"The candidate showcased strong problem-solving skills in handling urgent service calls and tricky diagnostics, utilizing a systematic approach and diagnostic tools.",6,"The candidate demonstrated effective communication skills in keeping customers calm, documenting work, and collaborating with teammates.","- Strong problem-solving skills
- Relevant experience as a Field Technician
- Commitment to reliability at work","- Room for improvement in professionalism
- Opportunity to enhance communication skills
- Potential for further development in experience","The candidate excels in cognitive ability, problem-solving, and reliability, with opportunities for growth in professionalism and communication skills. Overall, a strong candidate with valuable experience in the field.",7.25,3504,gpt-3.5-turbo
intv_0005,8,The candidate demonstrates strong cognitive abilities by providing thoughtful responses to complex questions and showing an ability to think critically and analytically.,7,"Although the candidate lacks direct experience in the field, they showcase transferable skills and a willingness to learn and adapt to new challenges.",7,"The candidate emphasizes the importance of reliability at work and demonstrates a commitment to being dependable, responsible, and productive.",6,"While the candidate maintains a professional attitude and communication style, there is room for improvement in terms of demonstrating a higher level of professionalism.",7,"The candidate shows an understanding of problem-solving techniques and a systematic approach to troubleshooting, even without direct experience in diagnostics.",6,"The candidate exhibits clear communication skills, but there is potential for improvement in terms of providing more detailed and specific responses.","- Strong cognitive abilities
- Transferable skills and willingness to learn
- Emphasis on reliability and commitment","- Room for improvement in professionalism
- Potential for more detailed communication
- Lack of direct experience in the field","Overall, the candidate shows promise with their strong cognitive abilities, problem-solving skills, and commitment to reliability. With further experience and development, they have the potential to excel in the field.",7.25,5841,gpt-3.5-turbo
intv_0006,8,The candidate demonstrates strong problem-solving skills and critical thinking abilities in their responses.,7,The candidate's experience as a Retail Service Rep provides a solid foundation for handling customer service situations.,7,"The candidate emphasizes the importance of punctuality, dependability, and meeting commitments in their work approach.",6,The candidate shows professionalism in their responses but could further emphasize aspects like attention to detail and organizational skills.,7,The candidate demonstrates a methodical approach to problem-solving and troubleshooting in their responses.,6,The candidate exhibits clear communication skills but could enhance their responses with more detailed examples and explanations.,"- Strong cognitive ability
- Solid experience in customer service
- Effective problem-solving skills","- Room for improvement in professionalism
- Communication could be more detailed
- Limited experience in field-specific diagnostics","Overall, the candidate shows promise with their strong cognitive ability, experience in customer service, and effective problem-solving skills. Areas for growth include enhancing professionalism, providing more detailed communication, and gaining more experience in field-specific diagnostics.",7.25,3099,gpt-3.5-turbo
intv_0007,8,The candidate demonstrates strong critical thinking skills and the ability to adapt to new challenges.,7,The candidate has relevant experience as a retail service rep and shows a willingness to learn and grow.,7,"The candidate emphasizes the importance of punctuality, dependability, and proactive communication.",6,The candidate shows professionalism in dealing with customers and handling challenging situations.,7,The candidate demonstrates a structured approach to problem-solving and a detail-oriented mindset.,6,The candidate exhibits clear communication skills and the ability to de-escalate tensions with customers.,"- Strong critical thinking skills
- Willingness to learn and grow
- Emphasis on punctuality and dependability","- Limited direct experience with urgent service calls
- Lack of specific tools or methods for complex diagnostics
- Moderate communication score","The candidate shows promise with strong cognitive ability, relevant experience, and a structured problem-solving approach. Areas for improvement include gaining more direct experience and enhancing communication skills.",7.25,5563,gpt-3.5-turbo
intv_0008,8,The candidate demonstrates strong problem-solving skills and critical thinking abilities in handling complex diagnostics and urgent service calls.,7,The candidate has relevant experience in the HVAC field and has successfully resolved various technical issues in the past.,7,"The candidate emphasizes the importance of reliability in their work, showing a commitment to being dependable and consistent.",6,"The candidate displays professionalism in their interactions with customers and stakeholders, ensuring clear communication and effective problem-solving.",7,The candidate has demonstrated strong problem-solving skills in resolving tricky diagnostics and addressing urgent service calls.,6,"The candidate communicates effectively with customers and team members, ensuring that information is conveyed clearly and concisely.","- Strong problem-solving skills
- Experience in the HVAC field
- Reliable and consistent in performance","- Communication skills could be further improved
- Professionalism can be enhanced through additional training
- Limited years of experience may impact handling of complex issues","The candidate shows promise with their solid cognitive ability, experience, and problem-solving skills. With further development in communication and professionalism, they have the potential to excel in the field of HVAC services.",7.25,7124,gpt-3.5-turbo
intv_0009,8,The candidate demonstrated strong problem-solving skills and critical thinking abilities in handling urgent service calls and tricky diagnostics.,7,"The candidate has relevant experience as an HVAC Junior, showcasing their knowledge and skills in the field.",7,"The candidate emphasized the importance of reliability in their work, showcasing a track record of accountability and dependability.",6,"The candidate displayed professionalism in their interactions with customers, colleagues, and supervisors, maintaining a calm demeanor and clear communication.",7,The candidate effectively solved tricky diagnostics by utilizing a systematic approach and specialized tools.,6,The candidate demonstrated clear and concise communication skills in handling upset or stressed customers and documenting work details.,"- Strong problem-solving skills
- Relevant experience in HVAC
- Emphasis on reliability and accountability","- Communication skills could be further improved
- Professionalism can be enhanced in certain situations
- Limited experience in escalating complex issues","Overall, the candidate shows promise with their solid cognitive ability, experience, and problem-solving skills. Areas for growth include enhancing communication skills, further developing professionalism, and gaining more experience in escalating complex issues.",7.25,3121,gpt-3.5-turbo
intv_0010,8,The candidate demonstrates strong problem-solving skills and critical thinking abilities in handling urgent service calls and tricky diagnostics.,7,"The candidate has relevant experience in field service roles, showcasing their ability to handle various job scenarios effectively.",7,"The candidate emphasizes the importance of reliability at work and demonstrates it through punctuality, commitment, and accountability.",6,"The candidate exhibits professionalism in their interactions with customers, maintaining a positive attitude and transparent communication.",7,The candidate shows proficiency in problem-solving by successfully resolving tricky diagnostics and adapting to changing schedules.,6,"The candidate effectively communicates with customers, teammates, and supervisors, ensuring clarity and understanding in various work situations.","- Strong problem-solving skills
- Relevant field service experience
- Emphasis on reliability and accountability","- Room for improvement in professionalism
- Opportunity to enhance communication skills
- Potential for further development in experience","Overall, the candidate demonstrates solid cognitive ability, experience, problem-solving skills, reliability, and communication. While professionalism and communication could be further refined, the candidate's strengths in problem-solving and reliability make them a valuable asset in a field service role.",7.25,3497,gpt-3.5-turbo
intv_0011,8,The candidate demonstrated strong problem-solving skills and critical thinking abilities in handling complex HVAC diagnostic issues.,7,"The candidate has relevant experience in the HVAC field, including handling urgent service calls and tricky diagnostics.",7,"The candidate emphasized the importance of reliability in work, showcasing a track record of punctuality and commitment to safety protocols.",6,The candidate displayed professionalism in dealing with upset customers and following site-specific rules for safety.,7,The candidate demonstrated effective problem-solving skills in resolving complex HVAC issues and prioritizing tasks.,6,The candidate exhibited good communication skills in explaining repair processes to customers and collaborating with teammates.,"- Strong problem-solving skills
- Relevant experience in HVAC field
- Emphasis on reliability and safety","- Room for improvement in professionalism
- Communication skills could be further developed
- Limited experience in escalated issue resolution","Overall, the candidate shows promise with solid cognitive ability, experience, and problem-solving skills. Areas for growth include enhancing professionalism, communication, and experience in escalated problem resolution.",7.25,5643,gpt-3.5-turbo
intv_0012,8,The candidate demonstrates strong problem-solving skills and critical thinking abilities in handling complex HVAC diagnostic issues.,7,"The candidate has relevant experience in the HVAC field, showcasing proficiency in handling urgent service calls and tricky diagnostics.",7,"The candidate emphasizes the importance of reliability at work, showcasing a track record of showing up on time and being prepared to tackle challenges.",6,The candidate demonstrates professionalism in dealing with upset customers and following site-specific rules for safety and job protocols.,7,The candidate exhibits strong problem-solving skills in resolving complex HVAC issues and prioritizing jobs effectively.,6,"The candidate effectively communicates with customers, team members, and supervisors, ensuring clear explanations of issues and progress updates.","- Strong problem-solving skills
- Relevant experience in HVAC field
- Emphasis on reliability at work","- Room for improvement in professionalism
- Opportunity to enhance communication skills
- Potential for further development in experience","The candidate excels in cognitive ability, experience, problem-solving, and reliability, with opportunities for growth in professionalism and communication skills.",7.25,7306,gpt-3.5-turbo
intv_0013,8,The candidate demonstrated strong problem-solving skills and critical thinking abilities in their responses to complex scenarios.,7,The candidate's experience in handling urgent service calls and tricky diagnostics shows a solid foundation in the field.,7,"The candidate emphasized the importance of reliability in their work, showcasing a commitment to being trustworthy and dependable.",6,"While the candidate displayed professionalism in their responses, there were areas where they could further enhance their professional demeanor.",7,"The candidate effectively described their problem-solving approach in resolving complex issues, demonstrating strong analytical skills.",6,"The candidate's communication skills were adequate, but there were instances where clearer and more concise communication could be improved.","- Strong cognitive ability
- Solid experience in the field
- Effective problem-solving skills","- Room for improvement in professionalism
- Communication could be more clear and concise","Overall, the candidate shows promise with their strong cognitive ability, experience, and problem-solving skills. Areas for growth include enhancing professionalism and improving communication clarity.",7.25,3718,gpt-3.5-turbo
intv_0014,8,The candidate demonstrated strong problem-solving skills and critical thinking in handling complex diagnostics and urgent service calls.,7,The candidate's experience as a seasoned field technician is evident in their ability to efficiently prioritize tasks and adapt to changing schedules.,7,"Reliability is a key strength of the candidate, as shown by their punctuality, commitment to completing tasks, and adherence to safety protocols.",6,"While the candidate maintains a professional demeanor and communicates effectively, there is room for improvement in areas such as customer interaction and conflict resolution.",7,The candidate has demonstrated strong problem-solving skills in handling tricky diagnostics and resolving urgent service calls efficiently.,6,"The candidate communicates clearly with colleagues and clients, but there is potential for improvement in areas such as de-escalating upset customers and documenting work effectively.","- Strong cognitive ability and problem-solving skills
- Extensive experience as a field technician
- Reliable and punctual in completing tasks","- Room for improvement in professionalism and customer interaction
- Potential to enhance communication skills for de-escalation and documentation","Overall, the candidate exhibits strong cognitive ability, experience, and problem-solving skills, with opportunities to further develop professionalism and communication abilities.",7.25,5687,gpt-3.5-turbo
intv_0015,8,The candidate demonstrated strong problem-solving skills and critical thinking abilities in their responses to complex scenarios.,7,The candidate's previous experience as a Field Technician is evident in their detailed and practical approach to handling service calls and diagnostics.,7,"The candidate emphasized the importance of reliability in their work, showcasing a commitment to punctuality, consistency, and accountability.",6,"While the candidate displayed professionalism in their interactions, there were instances where they could further enhance their professionalism through additional details or examples.",7,"The candidate effectively described their problem-solving process in challenging diagnostic situations, showcasing their ability to analyze and resolve complex issues.",6,"The candidate demonstrated good communication skills, but there were opportunities to further improve clarity and detail in their responses.","- Strong cognitive ability and problem-solving skills
- Extensive experience as a Field Technician
- Emphasis on reliability and accountability","- Room for improvement in professionalism
- Communication could be more detailed and clear
- Opportunity to enhance overall communication effectiveness","The candidate possesses a solid foundation of cognitive ability, experience, and problem-solving skills, with a focus on reliability and accountability. Areas for development include professionalism and communication, where further refinement could enhance overall performance.",7.25,6094,gpt-3.5-turbo
intv_0016,8,The candidate demonstrates strong problem-solving skills and critical thinking abilities in handling complex diagnostic issues.,7,"The candidate has relevant experience as a Field Technician and Retail Service Rep, showcasing a solid background in customer service and technical troubleshooting.",7,"The candidate emphasizes the importance of reliability in meeting expectations, adhering to safety protocols, and building trust with colleagues and clients.",6,"The candidate exhibits professionalism in customer interactions and work documentation, but there is room for improvement in consistency.",7,"The candidate effectively solves tricky diagnostics by applying knowledge, utilizing tools like a multimeter, and successfully resolving complex issues.",6,"The candidate demonstrates clear communication with customers and team members, but there is potential for further improvement in effectively managing upset or stressed customers.","- Strong problem-solving skills
- Relevant experience in technical troubleshooting
- Emphasis on reliability and safety adherence","- Room for improvement in consistency of professionalism
- Potential for further improvement in managing upset customers
- Opportunity for enhancing communication skills","The candidate excels in cognitive ability, experience, problem-solving, and reliability, with areas for growth in professionalism and communication. Overall, the candidate shows promise in technical proficiency and customer service, with potential for further development in interpersonal skills.",7.25,5716,gpt-3.5-turbo
intv_0017,8,The candidate demonstrates strong cognitive abilities by providing thoughtful and logical responses to hypothetical scenarios and questions.,7,"Although the candidate has 0 years of hands-on experience, they show a good understanding of the HVAC field and have received training on handling emergency situations.",7,"The candidate emphasizes the importance of reliability by mentioning punctuality, responsibility, and following safety protocols.",6,"The candidate displays a basic level of professionalism in their responses, but could improve by providing more specific examples or experiences.",7,The candidate demonstrates problem-solving skills by outlining systematic approaches to troubleshooting and resolving issues.,6,"The candidate communicates effectively by providing clear explanations and responses, but could enhance their communication skills by offering more detailed examples.","- Strong cognitive abilities
- Good problem-solving skills
- Demonstrates reliability and responsibility","- Limited hands-on experience
- Basic level of professionalism
- Could improve communication by providing more detailed examples","Overall, the candidate shows potential in the HVAC field with a solid foundation in cognitive abilities, problem-solving skills, and reliability. With more hands-on experience and further development of professionalism and communication skills, they could excel in the role.",7.25,3259,gpt-3.5-turbo
intv_0018,8,The candidate demonstrated strong problem-solving skills and critical thinking in handling complex diagnostics and route planning.,7,"The candidate has relevant experience in addressing urgent service calls, handling tricky diagnostics, and collaborating with teammates effectively.",7,"The candidate emphasized the importance of reliability in being punctual, dependable, and consistent in their work.",6,The candidate showed professionalism in dealing with upset customers and documenting work accurately.,7,The candidate demonstrated strong problem-solving skills in diagnosing and resolving complex issues efficiently.,6,The candidate exhibited good communication skills in explaining solutions to customers and collaborating with teammates.,"- Strong problem-solving skills
- Relevant experience in the field
- Emphasis on reliability and professionalism","- Communication skills could be further improved
- Professionalism could be enhanced in certain scenarios
- Limited experience in certain specialized areas","The candidate excels in cognitive ability, problem-solving, and experience, showcasing reliability and professionalism. While communication skills are good, there is room for improvement. Overall, a strong candidate with potential for growth.",7.25,3301,gpt-3.5-turbo
intv_0019,8,Demonstrated strong problem-solving skills and critical thinking abilities in handling complex diagnostics and troubleshooting tasks.,7,"Possesses 10 years of experience as a Field Technician, showcasing a deep understanding of technical systems and customer service.",7,"Prioritizes punctuality, adherence to schedules, and equipment maintenance to ensure consistent and reliable performance.",6,"Exhibits professionalism in customer interactions and adherence to company guidelines, though there is room for improvement.",7,Successfully resolved tricky diagnostics by applying diagnostic tools and troubleshooting techniques effectively.,6,"Demonstrates clear communication skills with customers, but could enhance communication with team members for better collaboration.","- Strong problem-solving skills
- Extensive experience in field technician roles
- Reliable and punctual in work performance","- Room for improvement in professionalism
- Communication with team members could be enhanced
- Limited mention of collaboration with teammates","The candidate excels in cognitive ability, experience, problem-solving, and reliability. While demonstrating professionalism and communication skills, there are areas for improvement in these aspects. Overall, the candidate's strengths lie in technical expertise and reliability, with opportunities for growth in professionalism and communication.",7.25,3693,gpt-3.5-turbo
intv_0020,8,The candidate demonstrates strong cognitive abilities by quickly grasping complex scenarios and providing thoughtful responses to various situational questions.,7,"The candidate's experience in public transit has provided valuable insights into customer service and problem-solving, showcasing a solid foundation for a field technician role.",7,"The candidate emphasizes the importance of reliability in work, showcasing a commitment to meeting expectations, adhering to schedules, and communicating effectively with team members.",6,"The candidate demonstrates a professional demeanor in handling customer interactions and addressing work-related challenges, although there is room for further refinement in certain aspects.",7,"The candidate exhibits strong problem-solving skills by outlining systematic approaches to handling urgent service calls, adjusting schedules, and resolving technical diagnostics.",6,"The candidate communicates effectively by listening attentively to customer concerns, providing clear explanations, and documenting work accurately, but there is potential for improvement in certain communication aspects.","- Strong cognitive abilities
- Solid experience in customer service
- Effective problem-solving skills","- Room for improvement in professionalism
- Potential for enhanced communication skills
- Limited technical diagnostic experience","The candidate shows promise as a field technician with a strong foundation in cognitive abilities, experience, reliability, problem-solving, and communication skills. Areas for growth include professionalism and communication refinement, but overall, the candidate exhibits potential for success in the role.",7.25,5765,gpt-3.5-turbo
intv_0021,8,The candidate demonstrates strong problem-solving skills and adaptability in various scenarios.,7,"Although the candidate is a veteran field tech with no direct experience, they show a good understanding of troubleshooting basics and applying them effectively.",7,"The candidate emphasizes the importance of reliability at work, showing a commitment to being punctual, prepared, and following through with tasks.",6,"The candidate demonstrates professionalism in their approach to work, but there is room for improvement in areas such as communication and customer interaction.",7,The candidate showcases strong problem-solving skills by outlining their approach to handling urgent service calls and tricky diagnostics.,6,"While the candidate shows the ability to communicate effectively in certain situations, there is room for improvement in areas like customer interaction and escalation processes.","- Strong problem-solving skills
- Adaptable and methodical approach
- Emphasis on reliability and punctuality","- Room for improvement in professionalism and communication
- Limited direct experience in complex diagnostics","The candidate demonstrates a solid foundation in problem-solving, reliability, and experience, but could benefit from further development in professionalism and communication skills.",7.25,4912,gpt-3.5-turbo
intv_0022,8,Demonstrated strong problem-solving skills in complex technical scenarios.,7,Extensive background in field service roles with a proven track record of successful outcomes.,7,"Consistently met deadlines, showed up on time, and adhered to safety protocols.",6,Maintained a high level of professionalism in customer interactions and work ethics.,7,Effectively resolved tricky diagnostics using advanced tools and methods.,6,Demonstrated clear communication skills in customer interactions and team collaborations.,"- Strong problem-solving abilities
- Extensive field service experience
- Consistent reliability in meeting commitments","- Room for improvement in professionalism
- Communication skills could be further enhanced
- Potential for growth in handling escalated situations","The candidate exhibits exceptional cognitive ability, solid experience, and reliable work ethic. While professionalism and communication skills are areas for development, the candidate's problem-solving capabilities and reliability make them a valuable asset.",7.25,3167,gpt-3.5-turbo
intv_0023,8,The candidate demonstrates strong problem-solving skills and critical thinking abilities in handling complex technical issues.,7,"The candidate has relevant experience as a Retail Service Rep and field technician, showcasing their ability to handle various service calls and diagnostic tasks.",7,"The candidate emphasizes the importance of reliability in their work, showcasing a commitment to being dependable and completing tasks on time.",6,The candidate demonstrates professionalism in their interactions with customers and their approach to documenting work and updating tickets.,7,"The candidate has successfully solved tricky diagnostics using specialized tools and methods, showcasing strong problem-solving skills.",6,The candidate shows effective communication skills in de-escalating tense situations with customers and collaborating with teammates.,"- Strong problem-solving skills
- Relevant experience in technical roles
- Emphasis on reliability and dependability","- Room for improvement in professionalism
- Communication skills could be further developed","The candidate excels in cognitive ability, problem-solving, and reliability, with opportunities to enhance professionalism and communication skills.",7.25,2661,gpt-3.5-turbo
intv_0024,8,"The candidate demonstrates strong cognitive abilities by providing detailed and thoughtful responses to hypothetical scenarios, showing analytical thinking and problem-solving skills.",7,"Although the candidate has 0 years of direct experience, they showcase a good understanding of the field and the responsibilities of a Field Technician.",7,"The candidate emphasizes the importance of reliability in their responses, highlighting punctuality, meeting deadlines, and following through on commitments.",6,"The candidate shows a basic level of professionalism in their responses, but there is room for improvement in terms of providing more concrete examples or experiences.",7,"The candidate demonstrates solid problem-solving skills by outlining steps and methods for handling urgent service calls, route planning, and tricky diagnostics.",6,"The candidate communicates effectively in their responses, but there is potential to enhance clarity and structure in their explanations.","- Strong cognitive abilities
- Good problem-solving skills
- Emphasis on reliability","- Limited direct experience
- Basic level of professionalism
- Potential for improvement in communication clarity","Overall, the candidate shows promise as a Field Technician with strengths in cognitive ability, problem-solving, and reliability. With more experience and focus on professionalism and communication, they have the potential to excel in the role.",7.25,4827,gpt-3.5-turbo
intv_0025,8,The candidate demonstrated strong problem-solving skills and critical thinking abilities in handling urgent service calls and tricky diagnostics.,7,"The candidate's experience as a seasoned field technician is evident in their responses, showcasing a deep understanding of the job requirements and best practices.",7,"The candidate emphasized the importance of reliability at work and demonstrated a track record of being dependable, meeting commitments, and consistently delivering results.",6,"While the candidate maintained a professional appearance and approach, there were instances where a higher level of professionalism could have been demonstrated.",7,"The candidate showcased strong problem-solving skills in handling urgent service calls, tricky diagnostics, and route planning adjustments.",6,"The candidate effectively communicated technical information and solutions, but there were areas where clearer and more concise communication could have been beneficial.","- Strong cognitive ability and problem-solving skills
- Extensive experience as a field technician
- Demonstrated reliability and dependability","- Opportunities for improvement in professionalism
- Communication could be more concise and clear
- Limited examples of collaboration with teammates","The candidate excels in cognitive ability, problem-solving, and reliability, with a solid foundation of experience as a field technician. Areas for growth include enhancing professionalism, improving communication clarity, and fostering stronger collaboration with teammates.",7.25,3421,gpt-3.5-turbo
intv_0026,8,The candidate demonstrates strong problem-solving skills and critical thinking abilities in handling urgent service calls and tricky diagnostics.,7,"The candidate has relevant experience as a field technician, showcasing their ability to adapt to changing schedules, prioritize jobs, and resolve complex issues.",7,"The candidate emphasizes the importance of reliability in their work, ensuring they are dependable, punctual, and consistent in delivering quality service.",6,"The candidate maintains a professional demeanor, communicates effectively with customers, and follows site-specific rules to ensure a safe and respectful work environment.",7,The candidate demonstrates strong problem-solving skills in resolving tricky diagnostics and efficiently documenting work processes.,6,"The candidate communicates clearly with customers, team members, and supervisors, ensuring effective collaboration and escalation when needed.","- Strong problem-solving skills
- Effective communication abilities
- Demonstrated reliability in work ethic","- Room for improvement in professionalism
- Opportunity to enhance communication skills further
- Potential for growth in experience and expertise","The candidate exhibits a solid foundation in cognitive ability, experience, problem-solving, reliability, and communication skills. While demonstrating strengths in critical thinking, adaptability, and effective communication, there is room for growth in professionalism and further development of experience and expertise.",7.25,6100,gpt-3.5-turbo
intv_0027,8,The candidate demonstrated strong problem-solving skills and critical thinking abilities in describing complex diagnostic challenges and troubleshooting techniques.,7,The candidate's experience as a Field Technician is evident in their detailed responses and examples of handling urgent service calls and tricky diagnostics.,7,"The candidate emphasized the importance of reliability at work and demonstrated a commitment to meeting deadlines, following procedures, and maintaining open communication.",6,"The candidate displayed professionalism in their interactions with upset customers, emphasizing empathy, clear communication, and a commitment to resolving issues satisfactorily.",7,"The candidate showcased strong problem-solving skills in describing their approach to diagnosing and resolving complex issues, using a combination of tools, methods, and collaboration.",6,"The candidate exhibited effective communication skills in their responses, including active listening, clear explanations, and concise documentation practices.","- Strong problem-solving skills
- Experience as a Field Technician
- Commitment to reliability and meeting deadlines","- Limited emphasis on continuous learning and skill development
- Moderate communication skills
- Average professionalism in handling upset customers","The candidate demonstrates a solid foundation in technical skills, experience, and reliability, with room for improvement in communication and professionalism aspects.",7.25,3935,gpt-3.5-turbo
intv_0028,8,The candidate demonstrates strong problem-solving skills and critical thinking abilities in their responses to complex scenarios.,7,The candidate's previous role as a retail service rep and their familiarity with route planning indicate a solid level of experience in the field.,7,The candidate emphasizes the importance of reliability in their work ethic and provides examples of being dependable and punctual.,6,"While the candidate shows professionalism in their responses, there is room for improvement in terms of consistently meeting high standards.",7,The candidate effectively addresses tricky diagnostic issues and demonstrates a systematic approach to problem-solving.,6,"The candidate showcases good communication skills, but there is potential for further improvement in terms of clarity and conciseness.","- Strong problem-solving skills
- Experience in the field
- Emphasis on reliability","- Room for improvement in professionalism
- Potential for better communication clarity
- Limited examples of teamwork","Overall, the candidate exhibits a high level of cognitive ability, experience, and problem-solving skills. While reliability is a key strength, there are areas for growth in terms of professionalism, communication, and teamwork.",7.25,7741,gpt-3.5-turbo
intv_0029,8,Demonstrated strong problem-solving skills and critical thinking abilities in handling complex diagnostics and urgent service calls.,7,"Possesses 3 years of experience in HVAC systems, demonstrating a solid foundation of knowledge and practical skills.",7,"Consistently meets expectations, shows punctuality, and maintains a high level of professionalism in the workplace.",6,"Exhibits professionalism in interactions with customers and colleagues, but there is room for improvement in certain areas.",7,"Successfully resolved tricky diagnostics by utilizing a combination of tools and methods, showcasing strong problem-solving abilities.",6,"Demonstrates effective communication skills with customers and team members, but there is potential for further improvement.","- Strong problem-solving skills
- Reliable and accountable
- Solid foundation of experience","- Room for improvement in professionalism
- Potential for further enhancement in communication skills","Overall, the candidate demonstrates a high level of cognitive ability, experience, and problem-solving skills. While reliability is a strong suit, there is room for improvement in professionalism and communication. With further development in these areas, the candidate has the potential to excel in the role.",7.25,3687,gpt-3.5-turbo
intv_0030,8,Candidate demonstrates strong problem-solving skills and critical thinking abilities in handling urgent service calls and complex diagnostics.,7,"Candidate has relevant experience in customer support and troubleshooting, which has equipped them with the necessary skills for the field technician role.",7,"Candidate values reliability and demonstrates a commitment to following through on tasks, meeting deadlines, and being accountable in their previous roles.",6,Candidate exhibits professionalism in handling customer interactions and maintaining a calm and professional demeanor in stressful situations.,7,Candidate has strong problem-solving skills demonstrated in resolving urgent service calls and complex diagnostics effectively.,6,"Candidate prioritizes empathy and communication in customer interactions, actively listening to concerns and providing clear explanations.","- Strong problem-solving skills
- Relevant experience in customer support
- Demonstrated reliability and accountability","- Communication skills could be further developed
- Professionalism could be enhanced in certain situations
- Limited experience in field technician role","Overall, the candidate shows promise with their strong cognitive ability, relevant experience, and problem-solving skills. Areas for improvement include communication skills and further development of professionalism in certain scenarios.",7.25,3685,gpt-3.5-turbo
intv_0031,8,The candidate demonstrated strong problem-solving skills and critical thinking abilities in handling complex diagnostics and urgent service calls.,7,"With a background in field service and technical support, the candidate has accumulated valuable experience in handling various customer issues and resolving technical challenges.",7,"The candidate emphasized the importance of reliability in their work, showcasing a track record of being punctual, accountable, and committed to delivering high-quality results consistently.",6,"While the candidate demonstrated professionalism in their interactions with customers, there were areas where further refinement could enhance their overall professionalism.",7,The candidate showcased strong problem-solving skills in resolving tricky diagnostics and handling urgent service calls effectively.,6,"The candidate exhibited good communication skills in de-escalating customer frustrations and providing clear explanations, but there is room for improvement in certain aspects of communication.","- Strong cognitive ability and problem-solving skills
- Valuable experience in field service and technical support
- Demonstrated reliability and accountability in work","- Areas for improvement in professionalism
- Opportunities to enhance communication skills","The candidate excels in cognitive ability, problem-solving, and reliability, with valuable experience in the field. While demonstrating professionalism and communication skills, there are areas for further development to enhance overall performance.",7.25,3533,gpt-3.5-turbo
intv_0032,8,The candidate demonstrated strong problem-solving skills and critical thinking abilities in handling urgent service calls and tricky diagnostics.,7,The candidate has relevant experience in public transportation and previous roles that required quick thinking and adaptability.,7,"The candidate emphasized the importance of reliability in their work, showing a commitment to being punctual, dependable, and accountable.",6,The candidate displayed professionalism in their approach to handling upset customers and documenting work accurately.,7,The candidate showcased strong problem-solving skills in resolving critical issues and tricky diagnostics.,6,The candidate demonstrated effective communication skills in dealing with upset customers and collaborating with teammates.,"- Strong problem-solving skills
- Experience in relevant fields
- Commitment to reliability","- Room for improvement in professionalism
- Potential to enhance communication skills
- Opportunity for further growth in experience","The candidate excels in cognitive ability, problem-solving, and reliability, with areas for development in professionalism and communication. Overall, they bring valuable strengths to the role and show potential for growth.",7.25,5053,gpt-3.5-turbo
intv_0033,8,The candidate demonstrated strong analytical skills in handling complex diagnostic issues and adapting to changing schedules.,7,"The candidate has relevant experience as a technician, showcasing expertise in handling urgent service calls and tricky diagnostics.",7,"Reliability is a core value for the candidate, consistently meeting deadlines, taking ownership of mistakes, and prioritizing safety.",6,"The candidate maintains a professional demeanor, communicates effectively with customers, and follows site-specific rules.",7,The candidate demonstrated strong problem-solving skills in resolving complex diagnostic issues and prioritizing jobs effectively.,6,"The candidate effectively communicates with customers, teammates, and supervisors, ensuring clear explanations and updates.","- Strong analytical and problem-solving skills
- Experience in handling urgent service calls and complex diagnostics
- Consistently meets deadlines and takes ownership of mistakes","- Room for improvement in professionalism and communication skills
- May benefit from further development in customer service techniques
- Could enhance collaboration and escalation processes","The candidate excels in cognitive ability, experience, problem-solving, and reliability. While demonstrating professionalism and communication skills, there is room for improvement in these areas. Overall, the candidate is a strong technician with the potential for growth in customer service and collaboration.",7.25,5236,gpt-3.5-turbo
intv_0034,8,The candidate demonstrates strong problem-solving skills and critical thinking abilities in handling complex diagnostic issues and urgent service calls.,7,"The candidate has relevant experience as a Field Technician, showcasing their ability to navigate changing schedules, prioritize tasks, and resolve technical issues efficiently.",7,"The candidate emphasizes the importance of reliability at work, showcasing a commitment to punctuality, dependability, and adherence to safety protocols.",6,The candidate demonstrates professionalism in their approach to handling customer interactions and maintaining accurate documentation of work performed.,7,The candidate exhibits strong problem-solving skills in resolving tricky diagnostics and escalating issues to find effective solutions.,6,The candidate emphasizes the importance of communication in diffusing tense situations with customers and collaborating effectively with teammates.,"- Strong problem-solving skills
- Experience in field technician roles
- Commitment to reliability and safety","- Room for improvement in professionalism
- Opportunity to enhance communication skills
- Potential for further development in experience","The candidate excels in cognitive ability, problem-solving, and reliability, with room for growth in professionalism and communication. Overall, a strong candidate with valuable experience and skills in technical roles.",7.25,5210,gpt-3.5-turbo
intv_0035,8,The candidate demonstrated strong analytical skills in solving complex diagnostic issues and prioritizing tasks effectively.,7,"The candidate has relevant experience as a field technician in a public transit system, handling urgent service calls and adapting to changing schedules.",7,"The candidate emphasized the importance of reliability at work, showcasing a track record of punctuality, dependability, and commitment to meeting expectations.",6,"The candidate displayed professionalism in handling upset customers, maintaining open communication, and striving to turn negative experiences into positive ones.",7,"The candidate effectively solved tricky diagnostics by utilizing innovative tools and methods, showcasing strong problem-solving skills.",6,"The candidate demonstrated clear and concise communication in documenting work, updating tickets, and interacting with upset customers.","- Strong analytical skills
- Experience in handling urgent service calls
- Punctual and dependable","- Room for improvement in professionalism
- Opportunity to enhance communication skills","The candidate excels in cognitive ability, experience, reliability, and problem-solving skills. While demonstrating professionalism and communication skills, there is room for improvement in these areas.",7.25,2841,gpt-3.5-turbo
intv_0036,8,The candidate demonstrates strong problem-solving skills and critical thinking abilities in handling urgent service calls and tricky diagnostics.,7,"The candidate has relevant experience as a Retail Service Rep, showcasing their ability to handle various service requests effectively.",7,The candidate emphasizes the importance of reliability at work and demonstrates a commitment to fulfilling commitments on time.,6,"The candidate exhibits professionalism in their interactions with upset customers, maintaining composure and providing clear explanations.",7,The candidate shows proficiency in problem-solving by effectively triaging urgent service calls and solving tricky diagnostics.,6,"The candidate demonstrates good communication skills in collaborating with teammates, updating tickets, and keeping customers calm.","- Strong problem-solving skills
- Relevant experience in service industry
- Commitment to reliability and professionalism","- Communication skills could be further improved
- Professionalism may benefit from more consistency
- Experience level could be higher in certain areas","The candidate excels in cognitive ability, problem-solving, and reliability, with room for improvement in professionalism and communication. Overall, a strong candidate with potential for growth.",7.25,2818,gpt-3.5-turbo
intv_0037,8,The candidate demonstrates strong problem-solving skills and critical thinking abilities in handling complex diagnostics and prioritizing tasks effectively.,7,"The candidate has relevant experience in the HVAC field, showcasing proficiency in handling urgent service calls and tricky diagnostics.",7,"The candidate emphasizes the importance of reliability in meeting commitments, adhering to schedules, and following safety protocols consistently.",6,"The candidate exhibits professionalism in interactions with customers, maintaining a calm demeanor, and providing clear explanations throughout the repair process.",7,The candidate effectively solves tricky diagnostics by employing a combination of troubleshooting techniques and utilizing specialized tools.,6,The candidate demonstrates effective communication skills in diffusing tense situations with upset customers and collaborating with teammates to resolve issues.,"- Strong problem-solving skills
- Relevant experience in HVAC field
- Consistent reliability in meeting commitments","- Room for improvement in professionalism
- Potential to enhance communication skills
- Opportunity to further develop experience in escalated situations","The candidate excels in cognitive ability, experience, and problem-solving skills, showcasing reliability and effective communication. While demonstrating professionalism, there is room for improvement in this area, along with potential to enhance communication skills and gain more experience in escalated scenarios.",7.25,5414,gpt-3.5-turbo
intv_0038,8,The candidate demonstrated strong problem-solving skills and critical thinking abilities in handling complex diagnostic issues.,7,The candidate has relevant experience in responding to urgent service calls and managing changing schedules effectively.,7,"The candidate emphasized the importance of reliability in showing up on time, being prepared, and following through on commitments.",6,"The candidate displayed professionalism in handling upset customers, maintaining composure, and providing clear explanations.",7,The candidate showcased strong problem-solving skills in diagnosing and resolving tricky technical issues.,6,The candidate demonstrated effective communication skills in de-escalating tense situations and updating work documentation.,"- Strong problem-solving abilities
- Experience in urgent service calls
- Emphasis on reliability and professionalism","- Communication skills could be further improved
- Professionalism could be enhanced in certain scenarios
- Limited experience in certain technical areas","The candidate excels in cognitive ability, experience, problem-solving, and reliability, with opportunities for growth in communication and professionalism.",7.25,5431,gpt-3.5-turbo
intv_0039,8,Candidate demonstrates strong problem-solving skills and critical thinking abilities in hypothetical and simulated scenarios.,7,"Candidate showcases a solid understanding of diagnostic processes and customer service approaches, despite being a recent graduate.",7,"Candidate emphasizes the importance of reliability in work, showing willingness to adapt to different circumstances and work night shifts if required.",6,"Candidate exhibits professionalism in handling upset customers by actively listening, showing empathy, and providing clear explanations.",7,Candidate effectively applies problem-solving skills and methodical approaches to diagnose and resolve complex issues in a simulated work environment.,6,Candidate demonstrates clear communication skills in explaining solutions to customers and updating tickets with accurate and relevant information.,"- Strong problem-solving skills
- Solid diagnostic understanding
- Emphasis on reliability and adaptability","- Limited practical experience
- Moderate level of professionalism
- Average communication skills","The candidate shows promise with strong cognitive abilities, problem-solving skills, and reliability. However, they may need more practical experience to further develop their professionalism and communication skills.",7.25,3183,gpt-3.5-turbo
intv_0040,8,The candidate demonstrated strong problem-solving skills and critical thinking abilities in handling urgent service calls and tricky diagnostics.,7,"The candidate has relevant experience in field service roles, showcasing their ability to adapt to changing schedules and prioritize tasks effectively.",7,"The candidate emphasized the importance of reliability in their work, highlighting their punctuality, accountability, and commitment to safety.",6,"The candidate displayed professionalism in their interactions with customers, maintaining a customer-oriented approach and ensuring a positive customer experience.",7,The candidate demonstrated strong problem-solving skills in resolving tricky diagnostics and handling urgent service calls efficiently.,6,"The candidate exhibited effective communication skills in dealing with upset customers, documenting work details, and collaborating with teammates.","- Strong problem-solving skills
- Excellent experience in field service roles
- Emphasis on reliability and safety","- Room for improvement in professionalism
- Communication skills could be further enhanced
- Limited experience in escalated issue resolution","Overall, the candidate shows promise with their strong cognitive ability, experience, and problem-solving skills. With further development in professionalism and communication, they have the potential to excel in field service roles.",7.25,5378,gpt-3.5-turbo
intv_0041,8,The candidate demonstrates strong problem-solving skills and critical thinking abilities in hypothetical scenarios.,7,"Although the candidate is new to the field, they show a good understanding of customer empathy and reliable service.",7,"The candidate emphasizes the importance of being punctual, meeting deadlines, and making necessary adjustments to ensure reliability.",6,The candidate shows a basic understanding of professionalism but could improve in areas like work documentation and ticket updates.,7,The candidate displays a good grasp of troubleshooting principles and tools used in diagnosing HVAC issues.,6,The candidate demonstrates empathy and clear communication skills in handling upset or stressed customers.,"- Strong cognitive ability and problem-solving skills
- Good understanding of customer empathy and reliable service
- Demonstrates reliability and commitment to meeting customer needs","- Limited experience in the field
- Needs improvement in professionalism, especially in work documentation
- Communication skills could be further developed","The candidate shows promise with their strong cognitive ability, problem-solving skills, and commitment to reliability. With more experience and focus on professionalism and communication, they have the potential to excel in the HVAC technician role.",7.25,3623,gpt-3.5-turbo
intv_0042,8,The candidate demonstrated strong analytical skills in diagnosing complex technical issues.,7,The candidate's previous role as a field technician shows a solid background in handling various service calls.,7,"The candidate emphasized the importance of meeting deadlines, following safety protocols, and delivering high-quality work.",6,The candidate displayed professionalism in handling customer interactions and adhering to company procedures.,7,The candidate effectively solved tricky diagnostics using technical tools and knowledge.,6,The candidate demonstrated good communication skills in explaining issues to customers and collaborating with teammates.,"- Strong analytical skills
- Solid experience in field service
- Emphasis on reliability and meeting deadlines","- Communication skills could be further improved
- Professionalism could be enhanced in certain situations
- Limited experience in escalating complex issues","Overall, the candidate shows promise with strong cognitive ability, problem-solving skills, and reliability. Areas for growth include communication and professionalism, which can be developed with further experience and training.",7.25,5049,gpt-3.5-turbo
intv_0043,8,The candidate demonstrates strong analytical skills in handling complex diagnostic issues and adapting to changing schedules.,7,"The candidate has prior experience in handling urgent service calls, documenting work, and collaborating with teammates effectively.",7,"Reliability is demonstrated through consistent presence, adherence to schedule commitments, and prioritizing critical tasks.",6,The candidate shows professionalism in interacting with upset customers and following site-specific rules for safety.,7,Strong problem-solving skills are evident in resolving tricky diagnostics and efficiently completing repairs.,6,"The candidate maintains clear communication with dispatch, management, and customers, but there is room for improvement.","- Strong cognitive ability
- Effective problem-solving skills
- Reliable and punctual","- Communication skills can be further enhanced
- Professionalism in certain situations
- Limited experience in certain areas","The candidate excels in cognitive ability, problem-solving, and reliability, with room for improvement in communication and professionalism. Overall, a strong candidate with valuable experience and skills.",7.25,5013,gpt-3.5-turbo
intv_0044,8,The candidate demonstrated strong problem-solving skills and critical thinking abilities in handling complex diagnostic issues.,7,"With 5 years of experience as an HVAC technician, the candidate has a solid foundation in the field and has encountered a variety of scenarios.",7,"The candidate emphasized the importance of reliability in meeting commitments, being on time, and consistently delivering high-quality work.",6,"While the candidate displayed professionalism in handling urgent service calls and interacting with customers, there were no specific examples provided to warrant a higher score.",7,The candidate showcased effective problem-solving skills in diagnosing and resolving tricky HVAC system issues.,6,"The candidate demonstrated adequate communication skills in dealing with upset customers and documenting work, but there were no exceptional instances to warrant a higher score.","- Strong cognitive ability and problem-solving skills
- Extensive experience in the HVAC field
- Demonstrated reliability and commitment to high-quality work","- Limited examples provided for professionalism
- Communication skills could be further developed for more impactful interactions
- Could benefit from showcasing more leadership and teamwork abilities","The candidate excels in cognitive ability, problem-solving, and reliability, with a solid foundation of experience in the HVAC field. While demonstrating professionalism and communication skills, there is room for improvement in these areas. Overall, the candidate shows promise and potential for growth in various aspects of their role as an HVAC technician.",7.25,7554,gpt-3.5-turbo
intv_0045,8,The candidate demonstrates strong problem-solving skills and critical thinking abilities in handling complex diagnostic issues.,7,The candidate has relevant experience in resolving urgent service calls and handling customer issues effectively.,7,The candidate emphasizes the importance of reliability at work and demonstrates accountability in meeting deadlines and responsibilities.,6,The candidate shows professionalism in dealing with upset customers and following site-specific rules for safety and compliance.,7,The candidate showcases strong problem-solving skills in diagnosing and resolving tricky technical issues.,6,"The candidate effectively communicates with customers, colleagues, and escalates issues when necessary.","- Strong problem-solving skills
- Effective communication with customers
- Demonstrated reliability at work","- Room for improvement in professionalism
- Potential to enhance communication skills further
- Opportunity to gain more experience","Overall, the candidate exhibits solid cognitive ability, experience, problem-solving skills, and reliability. While professionalism and communication skills are areas for growth, the candidate's strengths outweigh weaknesses, making them a valuable asset to the team.",7.25,3165,gpt-3.5-turbo
intv_0046,8,The candidate demonstrates strong problem-solving skills and critical thinking abilities in handling urgent service calls and tricky diagnostics.,7,"The candidate has relevant experience as an HVAC junior and field technician, showcasing their ability to navigate changing schedules and resolve complex issues.",7,"The candidate emphasizes the importance of reliability at work and demonstrates it through adherence to service schedules, communication, and proactive problem-solving.",6,"The candidate exhibits professionalism in their interactions with upset customers, active listening, and providing solutions to alleviate concerns.",7,"The candidate shows strong problem-solving skills in handling urgent service calls, prioritizing jobs, and diagnosing complex issues with specialized tools.",6,"The candidate effectively communicates with customers, colleagues, and supervisors, showcasing empathy, active listening, and clear explanations.","- Strong problem-solving skills
- Excellent experience in HVAC and field technician roles
- Demonstrated reliability and accountability","- Room for improvement in professionalism
- Opportunity to enhance communication skills further
- Potential for growth in leadership and teamwork","The candidate excels in cognitive ability, problem-solving, and reliability, with opportunities for growth in professionalism and communication. Overall, a strong candidate with valuable experience and skills in the field.",7.25,3269,gpt-3.5-turbo
intv_0047,8,Demonstrated strong critical thinking skills in diagnosing complex issues and finding effective solutions.,7,"Has 10 years of experience in the field, showcasing a deep understanding of industry practices and customer needs.",7,"Consistently meets deadlines, follows standard procedures, and proactively identifies potential issues to ensure minimal disruption.",6,"Maintains a high level of professionalism in interactions with customers and teams, but has room for improvement.",7,"Successfully solved tricky diagnostics by combining technical expertise, tools, and critical thinking.",6,"Prioritizes open communication and active listening, but could improve in providing more detailed explanations and updates.","- Strong critical thinking skills
- Extensive industry experience
- Consistent reliability","- Room for improvement in professionalism
- Communication could be more detailed
- Limited experience in certain areas","Overall, the candidate demonstrates strong cognitive ability, problem-solving skills, and reliability. With further development in professionalism and communication, they have the potential to excel in the role.",7.25,3707,gpt-3.5-turbo
intv_0048,8,The candidate demonstrated strong problem-solving skills and critical thinking in handling urgent service calls and tricky diagnostics.,7,The candidate's experience as a field technician shows a solid foundation in handling various job scenarios and customer interactions.,7,The candidate emphasized the importance of reliability at work and demonstrated a commitment to showing up on time and following through on commitments.,6,"The candidate displayed professionalism in their communication with customers and team members, but there is room for improvement.",7,The candidate showcased strong problem-solving skills in resolving urgent service calls and tricky diagnostics.,6,"The candidate's communication skills were effective in de-escalating upset customers and updating tickets, but there is room for improvement in clarity and transparency.","- Strong cognitive ability and problem-solving skills
- Solid experience as a field technician
- Demonstrated reliability and commitment to work","- Room for improvement in professionalism
- Communication skills could be more clear and transparent
- Limited experience in escalating complex issues","The candidate excels in cognitive ability, problem-solving, and reliability, with room for growth in professionalism and communication skills. Overall, a strong candidate with potential for further development.",7.25,3881,gpt-3.5-turbo
intv_0049,8,"The candidate demonstrates strong cognitive abilities by understanding the role and responsibilities, even without prior experience, and outlining a logical approach to handling urgent service calls.",7,"Although the candidate is a junior with no prior experience, they show a willingness to learn and apply knowledge gained from training sessions to real-world situations.",7,"The candidate emphasizes the importance of reliability at work, showcasing a commitment to being dependable, responsible, and punctual in their role as an HVAC junior.",6,"While the candidate demonstrates a basic level of professionalism, there is room for improvement in terms of maintaining a high level of professionalism in all interactions.",7,"The candidate shows an ability to adapt to new challenges and diagnoses, as well as a willingness to troubleshoot issues using various diagnostic tools.",6,"The candidate exhibits a basic level of communication skills, but there is potential for improvement in terms of maintaining clear communication with customers and colleagues.","- Strong cognitive abilities
- Willingness to learn and apply knowledge
- Commitment to reliability","- Room for improvement in professionalism
- Potential for improvement in communication skills","The candidate shows promise as an HVAC junior, with strong cognitive abilities, a willingness to learn, and a commitment to reliability. Areas for growth include professionalism and communication skills.",7.25,3599,gpt-3.5-turbo
intv_0050,8,The candidate demonstrated strong problem-solving skills and critical thinking in handling complex diagnostic issues.,7,"The candidate has relevant experience as a field technician, dealing with urgent service calls and adapting to changing schedules.",7,"The candidate emphasized the importance of meeting deadlines, maintaining technical proficiency, and adhering to protocols.",6,"The candidate displayed professionalism in interactions with upset customers, prioritizing active listening and empathy.",7,"The candidate successfully solved tricky diagnostics by utilizing tools, consulting with colleagues, and applying unconventional techniques.",6,"The candidate demonstrated effective communication skills in documenting work, updating tickets, and collaborating with teammates.","- Strong problem-solving skills
- Relevant experience as a field technician
- Emphasis on meeting deadlines and adhering to protocols","- Room for improvement in professionalism
- Opportunity to enhance communication skills","The candidate excels in cognitive ability, experience, problem-solving, and reliability. There is potential for growth in professionalism and communication skills.",7.25,4971,gpt-3.5-turbo
